File,Metric,gap,gap_center
Synthetic.csv,MAE,0.30340284529583483,0.35712578034965237
Synthetic.csv,RMSE,0.40342679312403584,0.4242476288769694
Synthetic.csv,MedAE,0.22439873075826344,0.29495474541403743
Synthetic.csv,MAPE,17.437458412552978,19.365348224994364
Synthetic.csv,Min gap value,1.284883950501781,1.284883950501781
Synthetic.csv,Max gap value,2.509816958568578,2.5065127599756964
Sea_hour.csv,MAE,0.19913663370393034,0.1471131210895805
Sea_hour.csv,RMSE,0.2455880790003333,0.17929924917014356
Sea_hour.csv,MedAE,0.17333333333333295,0.12666666666666704
Sea_hour.csv,MAPE,23.416647316287936,16.42343199260891
Sea_hour.csv,Min gap value,0.36,0.5
Sea_hour.csv,Max gap value,1.51,1.4
Sea_10_240.csv,MAE,0.11063886770658736,0.12844245901133605
Sea_10_240.csv,RMSE,0.13582311682349493,0.14729011748476503
Sea_10_240.csv,MedAE,0.10273333333333351,0.113966666666667
Sea_10_240.csv,MAPE,17.631592295048453,20.952509797885426
Sea_10_240.csv,Min gap value,0.4046,0.4046
Sea_10_240.csv,Max gap value,0.9887,0.9831
Temperature.csv,MAE,8.441824590038921,13.452516974158595
Temperature.csv,RMSE,11.635366924745462,15.684243109978858
Temperature.csv,MedAE,5.708333333332973,12.383333333332985
Temperature.csv,MAPE,3.126591659724965,4.970481095063884
Temperature.csv,Min gap value,243.39,248.66
Temperature.csv,Max gap value,300.89,289.78
Traffic.csv,MAE,2509.6724340853193,2985.6483286038115
Traffic.csv,RMSE,3072.3053292179975,3579.459334091136
Traffic.csv,MedAE,2309.000000000002,2934.8333333333335
Traffic.csv,MAPE,204.99773292035326,206.8629452696483
Traffic.csv,Min gap value,216.0,216.0
Traffic.csv,Max gap value,7065.0,7280.0
