,pipeline_type,init_metric,final_metric,tuning_time,iter_num,dataset
0,linear,134.35494327089623,134.7731725183234,42.290533200022765,20,reg_pol.csv
1,branched,98.11272387395672,98.11272387395672,80.77599410002586,20,reg_pol.csv
2,complex,41.47018944419873,41.47018944419873,182.01192379998975,20,reg_pol.csv
