File,Metric,gap,gap_center
Synthetic.csv,MAE,0.32499748331004175,0.7540847942657186
Synthetic.csv,RMSE,0.3815345558508583,0.8347601536430889
Synthetic.csv,MedAE,0.3226257767670673,0.7351784820316886
Synthetic.csv,MAPE,18.8798229656815,38.14633786932694
Synthetic.csv,Min gap value,1.284883950501781,1.284883950501781
Synthetic.csv,Max gap value,2.509816958568578,2.5065127599756964
Sea_hour.csv,MAE,0.17362972556737563,0.7242173063559652
Sea_hour.csv,RMSE,0.21652445973929954,0.846500268254186
Sea_hour.csv,MedAE,0.15098632067078993,0.796260888884475
Sea_hour.csv,MAPE,21.85546441474606,76.70582964420991
Sea_hour.csv,Min gap value,0.36,0.5
Sea_hour.csv,Max gap value,1.51,1.4
Sea_10_240.csv,MAE,0.1254170001679949,0.6033485668063099
Sea_10_240.csv,RMSE,0.14542742472748868,0.6769504312324656
Sea_10_240.csv,MedAE,0.12163207190719888,0.6487410566837468
Sea_10_240.csv,MAPE,20.22878189470276,96.81439207065992
Sea_10_240.csv,Min gap value,0.4046,0.4046
Sea_10_240.csv,Max gap value,0.9887,0.9831
Temperature.csv,MAE,6.794746162617804,12.648454433669656
Temperature.csv,RMSE,8.723988165404753,14.457939526305609
Temperature.csv,MedAE,5.503217771123786,12.473322377902065
Temperature.csv,MAPE,2.51184469853899,4.701105977442137
Temperature.csv,Min gap value,243.39,248.66
Temperature.csv,Max gap value,300.89,289.78
Traffic.csv,MAE,1728.172416288843,1760.2139215331117
Traffic.csv,RMSE,1982.46717891628,1997.1603980086475
Traffic.csv,MedAE,1641.7266298544419,1699.4328026616058
Traffic.csv,MAPE,180.46057481218577,167.70512370310888
Traffic.csv,Min gap value,216.0,216.0
Traffic.csv,Max gap value,7065.0,7280.0
