File,Metric,gap,gap_center
oil.csv,MAE,12.291317790832284,27.180137241192053
oil.csv,RMSE,15.776854252566421,30.698994629942824
oil.csv,MedAE,9.511766882352944,27.128672188741717
oil.csv,MAPE,0.1750825649134216,0.2979560661986676
oil.csv,Min gap value,51.990002000000004,44.84
oil.csv,Max gap value,110.529999,110.529999
